Workbook

Sheet 5.0.42
A1: 序号 | B1: 模板序号 | C1: 触发器序号 | D1: 模板名称 | E1: 触发器ID | F1: 英文名称 | G1: 中文名称 | H1: 原因
A2: 1 | B2: (218/1) | C2: (8/1) | D2: 10366 | E2: 18023 | F2: Unavailable by ICMP ping | G2: ICMP ping不可用 | H2: =IFERROR(IF(OR(MID(G2,FIND(":",G2)-1,1)="""",MID(G2,FIND(":",G2)-1,1)="}",MID(G2,FIND(":",G2)-1,1)=")",MID(G2,FIND(":",G2)-1,1)="]"),"",LEFT(F2,FIND(":",F2)-1)),"") | I2: =IFERROR(IF(OR(MID(G2,FIND(":",G2)-1,1)="""",MID(G2,FIND(":",G2)-1,1)="}",MID(G2,FIND(":",G2)-1,1)=")",MID(G2,FIND(":",G2)-1,1)="]"),"",RIGHT(G2,LEN(G2)-FIND(":",G2)-1)),"") | J2: =IF(AND(I2="",H2=""),G2,H2&": "&I2) -> ICMP ping不可用
A3: 2 | B3: (218/1) | C3: (8/2) | D3: 10366 | E3: 18024 | F3: High ICMP ping loss | G3: 高ICMP ping丢失
A4: 3 | B4: (218/1) | C4: (8/3) | D4: 10366 | E4: 18025 | F4: High ICMP ping response time | G4: 高ICMP ping响应时间
A5: 4 | B5: (218/1) | C5: (8/4) | D5: 10366 | E5: 18026 | F5: Device has been replaced (new serial number received) | G5: 设备已更换(收到新序列号)
A6: 5 | B6: (218/1) | C6: (8/5) | D6: 10366 | E6: 18027 | F6: System name has changed (new name: {ITEM.VALUE}) | G6: System name has changed (new name: ITEM.VALUE})
A7: 6 | B7: (218/1) | C7: (8/6) | D7: 10366 | E7: 18028 | F7: Operating system description has changed | G7: 操作系统描述已变更
A8: 7 | B8: (218/1) | C8: (8/7) | D8: 10366 | E8: 18029 | F8: {HOST.NAME} has been restarted (uptime < 10m) | G8: {HOST.NAME}已重新启动(正常运行时间＜10分钟)
A9: 8 | B9: (218/1) | C9: (8/8) | D9: 10366 | E9: 18030 | F9: No SNMP data collection | G9: 无SNMP数据收集
A10: 9 | B10: (218/2) | C10: (8/1) | D10: 10367 | E10: 18050 | F10: Unavailable by ICMP ping | G10: ICMP ping不可用
A11: 10 | B11: (218/2) | C11: (8/2) | D11: 10367 | E11: 18051 | F11: High ICMP ping loss | G11: 高ICMP ping丢失
A12: 11 | B12: (218/2) | C12: (8/3) | D12: 10367 | E12: 18052 | F12: High ICMP ping response time | G12: 高ICMP ping响应时间
A13: 12 | B13: (218/2) | C13: (8/4) | D13: 10367 | E13: 18053 | F13: Device has been replaced (new serial number received) | G13: 设备已更换(收到新序列号)
A14: 13 | B14: (218/2) | C14: (8/5) | D14: 10367 | E14: 18054 | F14: System name has changed (new name: {ITEM.VALUE}) | G14: System name has changed (new name: ITEM.VALUE})
... A1734: 1733 | B1734: (218/180) | C1734: (4/4) | D1734: 10078 | E1734: 19772 | F1734: VMware: Hypervisor has been restarted (uptime < 10m) | G1734: VMware: ypervisor已重新启动(正常运行时间<10分钟)

Sheet 6.0.35
A1: 序号 | B1: 模板序号 | C1: 触发器序号 | D1: 模板名称 | E1: 触发器ID | F1: 英文名称 | G1: 中文名称 | H1: 原因
A2: 1 | B2: (2796/1) | D2: AIX by Zabbix agent | E2: 17113 | F2: AIX: Lack of available memory on server | G2: AIX: 服务器上缺少可用内存 | H2: =IFERROR(IF(OR(MID(G2,FIND(":",G2)-1,1)="""",MID(G2,FIND(":",G2)-1,1)="}",MID(G2,FIND(":",G2)-1,1)=")",MID(G2,FIND(":",G2)-1,1)="]"),"",LEFT(F2,FIND(":",F2)-1)),"") -> AIX | I2: =IFERROR(IF(OR(MID(G2,FIND(":",G2)-1,1)="""",MID(G2,FIND(":",G2)-1,1)="}",MID(G2,FIND(":",G2)-1,1)=")",MID(G2,FIND(":",G2)-1,1)="]"),"",RIGHT(G2,LEN(G2)-FIND(":",G2)-1)),"") -> 服务器上缺少可用内存 | J2: =IF(AND(I2="",H2=""),G2,IF(H2="",I2,H2&": "&I2)) -> AIX: 服务器上缺少可用内存 | K2: =IFERROR(IF(OR(MID(F2,FIND(":",F2)-1,1)="""",MID(F2,FIND(":",F2)-1,1)="}",MID(F2,FIND(":",F2)-1,1)=")",MID(F2,FIND(":",F2)-1,1)="]"),"",RIGHT(F2,LEN(F2)-FIND(":",F2)-1)),"") -> Lack of available memory on server | L2: =LEN(F2)-LEN(SUBSTITUTE(F2,":","")) -> 1 | M2: =LEN(G2)-LEN(SUBSTITUTE(G2,":","")) -> 1 | N2: =LEN(G2)-LEN(SUBSTITUTE(G2,"：","")) -> 0 | O2: =IF(M2>=2,MID(G2,FIND(":",G2)+1,LEN(G2))) -> FALSE | P2: =INDEX(G:G,MATCH(G2,G:G,0)) -> AIX: 服务器上缺少可用内存 | Q2: =IF(P2<>G2,"校验","")
A3: 2 | B3: (2796/2) | D3: AIX by Zabbix agent | E3: 13372 | F3: AIX: /etc/passwd has been changed | G3: AIX: /etc/passwd已变更
A4: 3 | B4: (2796/3) | D4: AIX by Zabbix agent | E4: 13367 | F4: AIX: Disk I/O is overloaded | G4: AIX: 磁盘I/O过载
A5: 4 | B5: (2796/4) | D5: AIX by Zabbix agent | E5: 13368 | F5: AIX: Hostname was changed | G5: AIX: 主机名已变更
A6: 5 | B6: (2796/5) | D6: AIX by Zabbix agent | E6: 13365 | F6: AIX: Too many processes | G6: AIX: 进程太多
A7: 6 | B7: (2796/6) | D7: AIX by Zabbix agent | E7: 13364 | F7: AIX: Too many processes running | G7: AIX: 运行的进程太多
A8: 7 | B8: (2796/7) | D8: AIX by Zabbix agent | E8: 13366 | F8: AIX: Processor load is too high | G8: AIX: 处理器负载太高
A9: 8 | B9: (2796/8) | D9: AIX by Zabbix agent | E9: 13370 | F9: AIX: Host information was changed | G9: AIX: 主机信息已变更
A10: 9 | B10: (2796/9) | D10: AIX by Zabbix agent | E10: 13371 | F10: AIX: Server has just been restarted | G10: AIX: 服务器刚刚重新启动
A11: 10 | B11: (2796/10) | D11: AIX by Zabbix agent | E11: 22365 | F11: AIX: Zabbix agent is not available | G11: AIX: Zabbix agent 不可用
A12: 11 | B12: (2796/11) | D12: APC Smart-UPS 2200 RM by SNMP | E12: 18609 | F12: APC Smart-UPS 2200 RM: Battery has low capacity | G12: APC Smart-UPS 2200 RM: 电池容量低
A13: 12 | B13: (2796/12) | D13: APC Smart-UPS 2200 RM by SNMP | E13: 18610 | F13: APC Smart-UPS 2200 RM: Battery needs replacement | G13: APC Smart-UPS 2200 RM: 电池需要更换
A14: 13 | B14: (2796/13) | D14: APC Smart-UPS 2200 RM by SNMP | E14: 18611 | F14: APC Smart-UPS 2200 RM: Battery has an internal error condition | G14: APC Smart-UPS 2200 RM: 电池存在内部错误状况
... A2797: 2796 | B2797: (2796/2796) | D2797: macOS by Zabbix agent | E2797: 22454 | F2797: macOS: Zabbix agent is not available | G2797: macOS: Zabbix agent 不可用

Sheet 7.0.17
A1: 序号 | B1: 模板序号 | C1: 触发器序号 | D1: 模板名称 | E1: 触发器ID | F1: 英文名称 | G1: 中文名称 | H1: 原因
A2: 1 | B2: (3162/1) | D2: AIX by Zabbix agent | E2: 13364 | F2: AIX: Too many processes running | G2: AIX: 运行的进程太多 | I2: =IFERROR(IF(OR(MID(G2,FIND(":",G2)-1,1)="""",MID(G2,FIND(":",G2)-1,1)="}",MID(G2,FIND(":",G2)-1,1)=")",MID(G2,FIND(":",G2)-1,1)="]"),"",RIGHT(G2,LEN(G2)-FIND(":",G2)-1)),"") -> 运行的进程太多 | J2: =IF(AND(I2="",H2=""),G2,IF(H2="",I2,H2&": "&I2)) -> 运行的进程太多 | K2: =IFERROR(IF(OR(MID(F2,FIND(":",F2)-1,1)="""",MID(F2,FIND(":",F2)-1,1)="}",MID(F2,FIND(":",F2)-1,1)=")",MID(F2,FIND(":",F2)-1,1)="]"),"",RIGHT(F2,LEN(F2)-FIND(":",F2)-1)),"") -> Too many processes running | L2: =LEN(F2)-LEN(SUBSTITUTE(F2,":","")) -> 1 | M2: =LEN(G2)-LEN(SUBSTITUTE(G2,":","")) -> 1 | N2: =LEN(G2)-LEN(SUBSTITUTE(G2,"：","")) -> 0 | O2: =IF(M2>=2,MID(G2,FIND(":",G2)+1,LEN(G2))) -> FALSE | P2: =INDEX(G:G,MATCH(G2,G:G,0)) -> AIX: 运行的进程太多 | Q2: =IF(P2<>G2,"校验","") | R2: =INDEX('6.0.35'!I:I,MATCH(F2,'6.0.35'!K:K,0)) -> #N/A | S2: =INDEX('6.0.35'!J:J,MATCH(F2,'6.0.35'!F:F,0)) -> 0
A3: 2 | B3: (3162/2) | D3: AIX by Zabbix agent | E3: 13365 | F3: AIX: Too many processes | G3: AIX: 进程太多
A4: 3 | B4: (3162/3) | D4: AIX by Zabbix agent | E4: 13366 | F4: AIX: Processor load is too high | G4: AIX: 处理器负载太高
A5: 4 | B5: (3162/4) | D5: AIX by Zabbix agent | E5: 13368 | F5: AIX: Hostname was changed | G5: AIX: 主机名已变更
A6: 5 | B6: (3162/5) | D6: AIX by Zabbix agent | E6: 13367 | F6: AIX: Disk I/O is overloaded | G6: AIX: 磁盘I/O过载
A7: 6 | B7: (3162/6) | D7: AIX by Zabbix agent | E7: 13370 | F7: AIX: Host information was changed | G7: AIX: 主机信息已变更
A8: 7 | B8: (3162/7) | D8: AIX by Zabbix agent | E8: 13371 | F8: AIX: Server has just been restarted | G8: AIX: 服务器刚刚重新启动
A9: 8 | B9: (3162/8) | D9: AIX by Zabbix agent | E9: 13372 | F9: AIX: /etc/passwd has been changed | G9: AIX: /etc/passwd已变更
A10: 9 | B10: (3162/9) | D10: AIX by Zabbix agent | E10: 17113 | F10: AIX: Lack of available memory on server | G10: AIX: 服务器上缺少可用内存
A11: 10 | B11: (3162/10) | D11: AIX by Zabbix agent | E11: 22365 | F11: AIX: Zabbix agent is not available | G11: AIX: Zabbix agent 不可用
A12: 11 | B12: (3162/11) | D12: APC Smart-UPS 2200 RM by SNMP | E12: 18609 | F12: APC Smart-UPS: Battery has low capacity | G12: APC Smart-UPS: 电池容量低
A13: 12 | B13: (3162/12) | D13: APC Smart-UPS 2200 RM by SNMP | E13: 18610 | F13: APC Smart-UPS: Battery needs replacement | G13: APC Smart-UPS: 电池需要更换
A14: 13 | B14: (3162/13) | D14: APC Smart-UPS 2200 RM by SNMP | E14: 18611 | F14: APC Smart-UPS: Battery has an internal error condition | G14: APC Smart-UPS: 电池存在内部错误状况
... A3163: 3162 | B3163: (3162/3162) | D3163: macOS by Zabbix agent | E3163: 22454 | F3163: macOS: Zabbix agent is not available | G3163: macOS: Zabbix agent 不可用

Sheet 整理
A1: 英文名称 | F1: 1 | P1: 2 | Z1: 3 | AJ1: 4 | AS1: 5 | BB1: 6 | BK1: 7
A2: AIX: Too many processes running | B2: 运行的进程太多 | C2: =IFERROR(INDEX('6.0.35'!G:G,MATCH(A2,'6.0.35'!F:F,0)),IFERROR(INDEX('5.0.42'!G:G,MATCH(A2,'5.0.42'!F:F,0)),IFERROR(INDEX('7.0.17'!G:G,MATCH(A2,'7.0.17'!F:F,0)),""))) -> AIX: 运行的进程太多 | D2: =IF(C2=B2,1,0) -> 0 | E2: =(LEN(A2)-LEN(SUBSTITUTE(A2,"{","")))/LEN("{") -> 0 | F2: =REPLACE(B2,H2,I2-H2+1,N2) -> #VALUE! | H2: =FIND("{",B2,1) -> #VALUE! | I2: =FIND("}",B2,H2+1) -> #VALUE! | J2: =MID(B2,H2,I2-H2+1) -> #VALUE! | L2: =FIND("{",A2,1) -> #VALUE! | M2: =FIND("}",A2,L2+1) -> #VALUE! | N2: =MID(A2,L2,M2-L2+1) -> #VALUE! | P2: =REPLACE($B2,R2,S2-R2+1,X2) -> #VALUE! | R2: =FIND("{",$B2,I2+1) -> #VALUE! | S2: =FIND("}",$B2,R2+1) -> #VALUE! | T2: =MID($B2,R2,S2-R2+1) -> #VALUE! | V2: =FIND("{",$A2,M2+1) -> #VALUE! | W2: =FIND("}",$A2,V2+1) -> #VALUE! | X2: =MID($A2,V2,W2-V2+1) -> #VALUE! | Z2: =REPLACE($B2,AB2,AC2-AB2+1,AH2) -> #VALUE! | AB2: =FIND("{",$B2,S2+1) -> #VALUE! | AC2: =FIND("}",$B2,AB2+1) -> #VALUE! | AD2: =MID($B2,AB2,AC2-AB2+1) -> #VALUE! | AF2: =FIND("{",$A2,W2+1) -> #VALUE! | AG2: =FIND("}",$A2,AF2+1) -> #VALUE! | AH2: =MID($A2,AF2,AG2-AF2+1) -> #VALUE! | AJ2: =REPLACE($B2,AL2,AM2-AL2+1,AR2) -> #VALUE! | AL2: =FIND("{",$B2,AC2+1) -> #VALUE! | AM2: =FIND("}",$B2,AL2+1) -> #VALUE! | AN2: =MID($B2,AL2,AM2-AL2+1) -> #VALUE! | AP2: =FIND("{",$A2,AG2+1) -> #VALUE! | AQ2: =FIND("}",$A2,AP2+1) -> #VALUE! | AR2: =MID($A2,AP2,AQ2-AP2+1) -> #VALUE! | AS2: =REPLACE($B2,AU2,AV2-AU2+1,BA2) -> #VALUE! | AU2: =FIND("{",$B2,AM2+1) -> #VALUE! | AV2: =FIND("}",$B2,AU2+1) -> #VALUE! | AW2: =MID($B2,AU2,AV2-AU2+1) -> #VALUE! | AY2: =FIND("{",$A2,AQ2+1) -> #VALUE! | AZ2: =FIND("}",$A2,AY2+1) -> #VALUE! | BA2: =MID($A2,AY2,AZ2-AY2+1) -> #VALUE! | BB2: =REPLACE($B2,BD2,BE2-BD2+1,BJ2) -> #VALUE! | BD2: =FIND("{",$B2,AV2+1) -> #VALUE! | BE2: =FIND("}",$B2,BD2+1) -> #VALUE! | BF2: =MID($B2,BD2,BE2-BD2+1) -> #VALUE! | BH2: =FIND("{",$A2,AZ2+1) -> #VALUE! | BI2: =FIND("}",$A2,BH2+1) -> #VALUE! | BJ2: =MID($A2,BH2,BI2-BH2+1) -> #VALUE! | BK2: =REPLACE($B2,BM2,BN2-BM2+1,BS2) -> #VALUE! | BM2: =FIND("{",$B2,BE2+1) -> #VALUE! | BN2: =FIND("}",$B2,BM2+1) -> #VALUE! | BO2: =MID($B2,BM2,BN2-BM2+1) -> #VALUE! | BQ2: =FIND("{",$A2,BI2+1) -> #VALUE! | BR2: =FIND("}",$A2,BQ2+1) -> #VALUE! | BS2: =MID($A2,BQ2,BR2-BQ2+1) -> #VALUE!

Sheet 000
A1: APC Smart-UPS: Battery has low capacity | H1: 原因
A2: APC Smart-UPS: Battery needs replacement | F2: Azure SQL 实例：Azure SQL 托管实例性能下降 | I2: =IFERROR(IF(OR(MID(G2,FIND(":",G2)-1,1)="""",MID(G2,FIND(":",G2)-1,1)="}",MID(G2,FIND(":",G2)-1,1)=")",MID(G2,FIND(":",G2)-1,1)="]"),"",RIGHT(G2,LEN(G2)-FIND(":",G2)-1)),"") | J2: =IF(AND(I2="",H2=""),G2,IF(H2="",I2,H2&": "&I2)) -> 0 | K2: =IFERROR(IF(OR(MID(F2,FIND(":",F2)-1,1)="""",MID(F2,FIND(":",F2)-1,1)="}",MID(F2,FIND(":",F2)-1,1)=")",MID(F2,FIND(":",F2)-1,1)="]"),"",RIGHT(F2,LEN(F2)-FIND(":",F2)-1)),"") | L2: =LEN(F2)-LEN(SUBSTITUTE(F2,":","")) -> 0 | M2: =LEN(G2)-LEN(SUBSTITUTE(G2,":","")) -> 0 | N2: =LEN(G2)-LEN(SUBSTITUTE(G2,"：","")) -> 0 | O2: =IF(M2>=2,MID(G2,FIND(":",G2)+1,LEN(G2))) -> FALSE | P2: =INDEX(G:G,MATCH(G2,G:G,0)) -> #N/A | Q2: =IF(P2<>G2,"校验","") -> #N/A | R2: =INDEX('6.0.35'!I:I,MATCH(F2,'6.0.35'!K:K,0)) -> #N/A | S2: =INDEX('6.0.35'!J:J,MATCH(F2,'6.0.35'!F:F,0)) -> #N/A
A3: APC Smart-UPS: Battery has an internal error condition | F3: Azure SQL 实例：Azure SQL 托管实例处于未知状态 | I3: =IFERROR(IF(OR(MID(G3,FIND(":",G3)-1,1)="""",MID(G3,FIND(":",G3)-1,1)="}",MID(G3,FIND(":",G3)-1,1)=")",MID(G3,FIND(":",G3)-1,1)="]"),"",RIGHT(G3,LEN(G3)-FIND(":",G3)-1)),"") | J3: =IF(AND(I3="",H3=""),G3,IF(H3="",I3,H3&": "&I3)) -> 0 | K3: =IFERROR(IF(OR(MID(F3,FIND(":",F3)-1,1)="""",MID(F3,FIND(":",F3)-1,1)="}",MID(F3,FIND(":",F3)-1,1)=")",MID(F3,FIND(":",F3)-1,1)="]"),"",RIGHT(F3,LEN(F3)-FIND(":",F3)-1)),"") | L3: =LEN(F3)-LEN(SUBSTITUTE(F3,":","")) -> 0 | M3: =LEN(G3)-LEN(SUBSTITUTE(G3,":","")) -> 0 | N3: =LEN(G3)-LEN(SUBSTITUTE(G3,"：","")) -> 0 | O3: =IF(M3>=2,MID(G3,FIND(":",G3)+1,LEN(G3))) -> FALSE | P3: =INDEX(G:G,MATCH(G3,G:G,0)) -> #N/A | Q3: =IF(P3<>G3,"校验","") -> #N/A | R3: =INDEX('6.0.35'!I:I,MATCH(F3,'6.0.35'!K:K,0)) -> #N/A | S3: =INDEX('6.0.35'!J:J,MATCH(F3,'6.0.35'!F:F,0)) -> #N/A
A4: APC Smart-UPS: Battery is Low | F4: Azure SQL 实例：Azure SQL 托管实例不可用 | I4: =IFERROR(IF(OR(MID(G4,FIND(":",G4)-1,1)="""",MID(G4,FIND(":",G4)-1,1)="}",MID(G4,FIND(":",G4)-1,1)=")",MID(G4,FIND(":",G4)-1,1)="]"),"",RIGHT(G4,LEN(G4)-FIND(":",G4)-1)),"") | J4: =IF(AND(I4="",H4=""),G4,IF(H4="",I4,H4&": "&I4)) -> 0 | K4: =IFERROR(IF(OR(MID(F4,FIND(":",F4)-1,1)="""",MID(F4,FIND(":",F4)-1,1)="}",MID(F4,FIND(":",F4)-1,1)=")",MID(F4,FIND(":",F4)-1,1)="]"),"",RIGHT(F4,LEN(F4)-FIND(":",F4)-1)),"") | L4: =LEN(F4)-LEN(SUBSTITUTE(F4,":","")) -> 0 | M4: =LEN(G4)-LEN(SUBSTITUTE(G4,":","")) -> 0 | N4: =LEN(G4)-LEN(SUBSTITUTE(G4,"：","")) -> 0 | O4: =IF(M4>=2,MID(G4,FIND(":",G4)+1,LEN(G4))) -> FALSE | P4: =INDEX(G:G,MATCH(G4,G:G,0)) -> #N/A | Q4: =IF(P4<>G4,"校验","") -> #N/A | R4: =INDEX('6.0.35'!I:I,MATCH(F4,'6.0.35'!K:K,0)) -> #N/A | S4: =INDEX('6.0.35'!J:J,MATCH(F4,'6.0.35'!F:F,0)) -> #N/A
A5: APC Smart-UPS: Battery has high temperature | F5: Azure SQL 实例：实例排序规则已更改 | I5: =IFERROR(IF(OR(MID(G5,FIND(":",G5)-1,1)="""",MID(G5,FIND(":",G5)-1,1)="}",MID(G5,FIND(":",G5)-1,1)=")",MID(G5,FIND(":",G5)-1,1)="]"),"",RIGHT(G5,LEN(G5)-FIND(":",G5)-1)),"") | J5: =IF(AND(I5="",H5=""),G5,IF(H5="",I5,H5&": "&I5)) -> 0 | K5: =IFERROR(IF(OR(MID(F5,FIND(":",F5)-1,1)="""",MID(F5,FIND(":",F5)-1,1)="}",MID(F5,FIND(":",F5)-1,1)=")",MID(F5,FIND(":",F5)-1,1)="]"),"",RIGHT(F5,LEN(F5)-FIND(":",F5)-1)),"") | L5: =LEN(F5)-LEN(SUBSTITUTE(F5,":","")) -> 0 | M5: =LEN(G5)-LEN(SUBSTITUTE(G5,":","")) -> 0 | N5: =LEN(G5)-LEN(SUBSTITUTE(G5,"：","")) -> 0 | O5: =IF(M5>=2,MID(G5,FIND(":",G5)+1,LEN(G5))) -> FALSE | P5: =INDEX(G:G,MATCH(G5,G:G,0)) -> #N/A | Q5: =IF(P5<>G5,"校验","") -> #N/A | R5: =INDEX('6.0.35'!I:I,MATCH(F5,'6.0.35'!K:K,0)) -> #N/A | S5: =INDEX('6.0.35'!J:J,MATCH(F5,'6.0.35'!F:F,0)) -> #N/A
A6: APC Smart-UPS: Unacceptable input frequency | F6: Azure SQL 实例：CPU 利用率极高 | I6: =IFERROR(IF(OR(MID(G6,FIND(":",G6)-1,1)="""",MID(G6,FIND(":",G6)-1,1)="}",MID(G6,FIND(":",G6)-1,1)=")",MID(G6,FIND(":",G6)-1,1)="]"),"",RIGHT(G6,LEN(G6)-FIND(":",G6)-1)),"") | J6: =IF(AND(I6="",H6=""),G6,IF(H6="",I6,H6&": "&I6)) -> 0 | K6: =IFERROR(IF(OR(MID(F6,FIND(":",F6)-1,1)="""",MID(F6,FIND(":",F6)-1,1)="}",MID(F6,FIND(":",F6)-1,1)=")",MID(F6,FIND(":",F6)-1,1)="]"),"",RIGHT(F6,LEN(F6)-FIND(":",F6)-1)),"") | L6: =LEN(F6)-LEN(SUBSTITUTE(F6,":","")) -> 0 | M6: =LEN(G6)-LEN(SUBSTITUTE(G6,":","")) -> 0 | N6: =LEN(G6)-LEN(SUBSTITUTE(G6,"：","")) -> 0 | O6: =IF(M6>=2,MID(G6,FIND(":",G6)+1,LEN(G6))) -> FALSE | P6: =INDEX(G:G,MATCH(G6,G:G,0)) -> #N/A | Q6: =IF(P6<>G6,"校验","") -> #N/A | R6: =INDEX('6.0.35'!I:I,MATCH(F6,'6.0.35'!K:K,0)) -> #N/A | S6: =INDEX('6.0.35'!J:J,MATCH(F6,'6.0.35'!F:F,0)) -> #N/A
A7: APC Smart-UPS: Unacceptable input voltage | F7: Azure SQL 实例：CPU 利用率高 | I7: =IFERROR(IF(OR(MID(G7,FIND(":",G7)-1,1)="""",MID(G7,FIND(":",G7)-1,1)="}",MID(G7,FIND(":",G7)-1,1)=")",MID(G7,FIND(":",G7)-1,1)="]"),"",RIGHT(G7,LEN(G7)-FIND(":",G7)-1)),"") | J7: =IF(AND(I7="",H7=""),G7,IF(H7="",I7,H7&": "&I7)) -> 0 | K7: =IFERROR(IF(OR(MID(F7,FIND(":",F7)-1,1)="""",MID(F7,FIND(":",F7)-1,1)="}",MID(F7,FIND(":",F7)-1,1)=")",MID(F7,FIND(":",F7)-1,1)="]"),"",RIGHT(F7,LEN(F7)-FIND(":",F7)-1)),"") | L7: =LEN(F7)-LEN(SUBSTITUTE(F7,":","")) -> 0 | M7: =LEN(G7)-LEN(SUBSTITUTE(G7,":","")) -> 0 | N7: =LEN(G7)-LEN(SUBSTITUTE(G7,"：","")) -> 0 | O7: =IF(M7>=2,MID(G7,FIND(":",G7)+1,LEN(G7))) -> FALSE | P7: =INDEX(G:G,MATCH(G7,G:G,0)) -> #N/A | Q7: =IF(P7<>G7,"校验","") -> #N/A | R7: =INDEX('6.0.35'!I:I,MATCH(F7,'6.0.35'!K:K,0)) -> #N/A | S7: =INDEX('6.0.35'!J:J,MATCH(F7,'6.0.35'!F:F,0)) -> #N/A
A8: APC Smart-UPS: Output load is high | F8: Azure SQL 实例：API 请求中存在错误 | I8: =IFERROR(IF(OR(MID(G8,FIND(":",G8)-1,1)="""",MID(G8,FIND(":",G8)-1,1)="}",MID(G8,FIND(":",G8)-1,1)=")",MID(G8,FIND(":",G8)-1,1)="]"),"",RIGHT(G8,LEN(G8)-FIND(":",G8)-1)),"") | J8: =IF(AND(I8="",H8=""),G8,IF(H8="",I8,H8&": "&I8)) -> 0 | K8: =IFERROR(IF(OR(MID(F8,FIND(":",F8)-1,1)="""",MID(F8,FIND(":",F8)-1,1)="}",MID(F8,FIND(":",F8)-1,1)=")",MID(F8,FIND(":",F8)-1,1)="]"),"",RIGHT(F8,LEN(F8)-FIND(":",F8)-1)),"") | L8: =LEN(F8)-LEN(SUBSTITUTE(F8,":","")) -> 0 | M8: =LEN(G8)-LEN(SUBSTITUTE(G8,":","")) -> 0 | N8: =LEN(G8)-LEN(SUBSTITUTE(G8,"：","")) -> 0 | O8: =IF(M8>=2,MID(G8,FIND(":",G8)+1,LEN(G8))) -> FALSE | P8: =INDEX(G:G,MATCH(G8,G:G,0)) -> #N/A | Q8: =IF(P8<>G8,"校验","") -> #N/A | R8: =INDEX('6.0.35'!I:I,MATCH(F8,'6.0.35'!K:K,0)) -> #N/A | S8: =INDEX('6.0.35'!J:J,MATCH(F8,'6.0.35'!F:F,0)) -> #N/A
A9: APC Smart-UPS: UPS is Emergency Static Bypass | F9: Azure SQL 实例：实例配置状态已更改 | I9: =IFERROR(IF(OR(MID(G9,FIND(":",G9)-1,1)="""",MID(G9,FIND(":",G9)-1,1)="}",MID(G9,FIND(":",G9)-1,1)=")",MID(G9,FIND(":",G9)-1,1)="]"),"",RIGHT(G9,LEN(G9)-FIND(":",G9)-1)),"") | J9: =IF(AND(I9="",H9=""),G9,IF(H9="",I9,H9&": "&I9)) -> 0 | K9: =IFERROR(IF(OR(MID(F9,FIND(":",F9)-1,1)="""",MID(F9,FIND(":",F9)-1,1)="}",MID(F9,FIND(":",F9)-1,1)=")",MID(F9,FIND(":",F9)-1,1)="]"),"",RIGHT(F9,LEN(F9)-FIND(":",F9)-1)),"") | L9: =LEN(F9)-LEN(SUBSTITUTE(F9,":","")) -> 0 | M9: =LEN(G9)-LEN(SUBSTITUTE(G9,":","")) -> 0 | N9: =LEN(G9)-LEN(SUBSTITUTE(G9,"：","")) -> 0 | O9: =IF(M9>=2,MID(G9,FIND(":",G9)+1,LEN(G9))) -> FALSE | P9: =INDEX(G:G,MATCH(G9,G:G,0)) -> #N/A | Q9: =IF(P9<>G9,"校验","") -> #N/A | R9: =INDEX('6.0.35'!I:I,MATCH(F9,'6.0.35'!K:K,0)) -> #N/A | S9: =INDEX('6.0.35'!J:J,MATCH(F9,'6.0.35'!F:F,0)) -> #N/A
A10: APC Smart-UPS: UPS is Hardware Failure Bypass | F10: Azure SQL 实例：实例状态已更改 | I10: =IFERROR(IF(OR(MID(G10,FIND(":",G10)-1,1)="""",MID(G10,FIND(":",G10)-1,1)="}",MID(G10,FIND(":",G10)-1,1)=")",MID(G10,FIND(":",G10)-1,1)="]"),"",RIGHT(G10,LEN(G10)-FIND(":",G10)-1)),"") | J10: =IF(AND(I10="",H10=""),G10,IF(H10="",I10,H10&": "&I10)) -> 0 | K10: =IFERROR(IF(OR(MID(F10,FIND(":",F10)-1,1)="""",MID(F10,FIND(":",F10)-1,1)="}",MID(F10,FIND(":",F10)-1,1)=")",MID(F10,FIND(":",F10)-1,1)="]"),"",RIGHT(F10,LEN(F10)-FIND(":",F10)-1)),"") | L10: =LEN(F10)-LEN(SUBSTITUTE(F10,":","")) -> 0 | M10: =LEN(G10)-LEN(SUBSTITUTE(G10,":","")) -> 0 | N10: =LEN(G10)-LEN(SUBSTITUTE(G10,"：","")) -> 0 | O10: =IF(M10>=2,MID(G10,FIND(":",G10)+1,LEN(G10))) -> FALSE | P10: =INDEX(G:G,MATCH(G10,G:G,0)) -> #N/A | Q10: =IF(P10<>G10,"校验","") -> #N/A | R10: =INDEX('6.0.35'!I:I,MATCH(F10,'6.0.35'!K:K,0)) -> #N/A | S10: =INDEX('6.0.35'!J:J,MATCH(F10,'6.0.35'!F:F,0)) -> #N/A
A11: APC Smart-UPS: UPS is Off | F11: Azure SQL 实例：存储可用空间严重不足 | I11: =IFERROR(IF(OR(MID(G11,FIND(":",G11)-1,1)="""",MID(G11,FIND(":",G11)-1,1)="}",MID(G11,FIND(":",G11)-1,1)=")",MID(G11,FIND(":",G11)-1,1)="]"),"",RIGHT(G11,LEN(G11)-FIND(":",G11)-1)),"") | J11: =IF(AND(I11="",H11=""),G11,IF(H11="",I11,H11&": "&I11)) -> 0 | K11: =IFERROR(IF(OR(MID(F11,FIND(":",F11)-1,1)="""",MID(F11,FIND(":",F11)-1,1)="}",MID(F11,FIND(":",F11)-1,1)=")",MID(F11,FIND(":",F11)-1,1)="]"),"",RIGHT(F11,LEN(F11)-FIND(":",F11)-1)),"") | L11: =LEN(F11)-LEN(SUBSTITUTE(F11,":","")) -> 0 | M11: =LEN(G11)-LEN(SUBSTITUTE(G11,":","")) -> 0 | N11: =LEN(G11)-LEN(SUBSTITUTE(G11,"：","")) -> 0 | O11: =IF(M11>=2,MID(G11,FIND(":",G11)+1,LEN(G11))) -> FALSE | P11: =INDEX(G:G,MATCH(G11,G:G,0)) -> #N/A | Q11: =IF(P11<>G11,"校验","") -> #N/A | R11: =INDEX('6.0.35'!I:I,MATCH(F11,'6.0.35'!K:K,0)) -> #N/A | S11: =INDEX('6.0.35'!J:J,MATCH(F11,'6.0.35'!F:F,0)) -> #N/A
A12: APC Smart-UPS: UPS is on battery | F12: Azure SQL 实例：存储可用空间不足 | I12: =IFERROR(IF(OR(MID(G12,FIND(":",G12)-1,1)="""",MID(G12,FIND(":",G12)-1,1)="}",MID(G12,FIND(":",G12)-1,1)=")",MID(G12,FIND(":",G12)-1,1)="]"),"",RIGHT(G12,LEN(G12)-FIND(":",G12)-1)),"") | J12: =IF(AND(I12="",H12=""),G12,IF(H12="",I12,H12&": "&I12)) -> 0 | K12: =IFERROR(IF(OR(MID(F12,FIND(":",F12)-1,1)="""",MID(F12,FIND(":",F12)-1,1)="}",MID(F12,FIND(":",F12)-1,1)=")",MID(F12,FIND(":",F12)-1,1)="]"),"",RIGHT(F12,LEN(F12)-FIND(":",F12)-1)),"") | L12: =LEN(F12)-LEN(SUBSTITUTE(F12,":","")) -> 0 | M12: =LEN(G12)-LEN(SUBSTITUTE(G12,":","")) -> 0 | N12: =LEN(G12)-LEN(SUBSTITUTE(G12,"：","")) -> 0 | O12: =IF(M12>=2,MID(G12,FIND(":",G12)+1,LEN(G12))) -> FALSE | P12: =INDEX(G:G,MATCH(G12,G:G,0)) -> #N/A | Q12: =IF(P12<>G12,"校验","") -> #N/A | R12: =INDEX('6.0.35'!I:I,MATCH(F12,'6.0.35'!K:K,0)) -> #N/A | S12: =INDEX('6.0.35'!J:J,MATCH(F12,'6.0.35'!F:F,0)) -> #N/A
A13: APC Smart-UPS: UPS is On Smart Trim | F13: Dell R660：固件已更改 | I13: =IFERROR(IF(OR(MID(G13,FIND(":",G13)-1,1)="""",MID(G13,FIND(":",G13)-1,1)="}",MID(G13,FIND(":",G13)-1,1)=")",MID(G13,FIND(":",G13)-1,1)="]"),"",RIGHT(G13,LEN(G13)-FIND(":",G13)-1)),"") | J13: =IF(AND(I13="",H13=""),G13,IF(H13="",I13,H13&": "&I13)) -> 0 | K13: =IFERROR(IF(OR(MID(F13,FIND(":",F13)-1,1)="""",MID(F13,FIND(":",F13)-1,1)="}",MID(F13,FIND(":",F13)-1,1)=")",MID(F13,FIND(":",F13)-1,1)="]"),"",RIGHT(F13,LEN(F13)-FIND(":",F13)-1)),"") | L13: =LEN(F13)-LEN(SUBSTITUTE(F13,":","")) -> 0 | M13: =LEN(G13)-LEN(SUBSTITUTE(G13,":","")) -> 0 | N13: =LEN(G13)-LEN(SUBSTITUTE(G13,"：","")) -> 0 | O13: =IF(M13>=2,MID(G13,FIND(":",G13)+1,LEN(G13))) -> FALSE | P13: =INDEX(G:G,MATCH(G13,G:G,0)) -> #N/A | Q13: =IF(P13<>G13,"校验","") -> #N/A | R13: =INDEX('6.0.35'!I:I,MATCH(F13,'6.0.35'!K:K,0)) -> #N/A | S13: =INDEX('6.0.35'!J:J,MATCH(F13,'6.0.35'!F:F,0)) -> #N/A
... A110: APC Smart-UPS: Output load is high | F110: PA-440：无法从 API 获取系统状态数据 | I110: =IFERROR(IF(OR(MID(G110,FIND(":",G110)-1,1)="""",MID(G110,FIND(":",G110)-1,1)="}",MID(G110,FIND(":",G110)-1,1)=")",MID(G110,FIND(":",G110)-1,1)="]"),"",RIGHT(G110,LEN(G110)-FIND(":",G110)-1)),"") | J110: =IF(AND(I110="",H110=""),G110,IF(H110="",I110,H110&": "&I110)) -> 0 | K110: =IFERROR(IF(OR(MID(F110,FIND(":",F110)-1,1)="""",MID(F110,FIND(":",F110)-1,1)="}",MID(F110,FIND(":",F110)-1,1)=")",MID(F110,FIND(":",F110)-1,1)="]"),"",RIGHT(F110,LEN(F110)-FIND(":",F110)-1)),"") | L110: =LEN(F110)-LEN(SUBSTITUTE(F110,":","")) -> 0 | M110: =LEN(G110)-LEN(SUBSTITUTE(G110,":","")) -> 0 | N110: =LEN(G110)-LEN(SUBSTITUTE(G110,"：","")) -> 0 | O110: =IF(M110>=2,MID(G110,FIND(":",G110)+1,LEN(G110))) -> FALSE | P110: =INDEX(G:G,MATCH(G110,G:G,0)) -> #N/A | Q110: =IF(P110<>G110,"校验","") -> #N/A | R110: =INDEX('6.0.35'!I:I,MATCH(F110,'6.0.35'!K:K,0)) -> #N/A | S110: =INDEX('6.0.35'!J:J,MATCH(F110,'6.0.35'!F:F,0)) -> #N/A
A111: APC Smart-UPS: UPS is Emergency Static Bypass | I111: =IFERROR(IF(OR(MID(G111,FIND(":",G111)-1,1)="""",MID(G111,FIND(":",G111)-1,1)="}",MID(G111,FIND(":",G111)-1,1)=")",MID(G111,FIND(":",G111)-1,1)="]"),"",RIGHT(G111,LEN(G111)-FIND(":",G111)-1)),"") | J111: =IF(AND(I111="",H111=""),G111,IF(H111="",I111,H111&": "&I111)) -> 0 | K111: =IFERROR(IF(OR(MID(F111,FIND(":",F111)-1,1)="""",MID(F111,FIND(":",F111)-1,1)="}",MID(F111,FIND(":",F111)-1,1)=")",MID(F111,FIND(":",F111)-1,1)="]"),"",RIGHT(F111,LEN(F111)-FIND(":",F111)-1)),"") | L111: =LEN(F111)-LEN(SUBSTITUTE(F111,":","")) -> 0 | M111: =LEN(G111)-LEN(SUBSTITUTE(G111,":","")) -> 0 | N111: =LEN(G111)-LEN(SUBSTITUTE(G111,"：","")) -> 0 | O111: =IF(M111>=2,MID(G111,FIND(":",G111)+1,LEN(G111))) -> FALSE | P111: =INDEX(G:G,MATCH(G111,G:G,0)) -> #N/A | Q111: =IF(P111<>G111,"校验","") -> #N/A | R111: =INDEX('6.0.35'!I:I,MATCH(F111,'6.0.35'!K:K,0)) -> #N/A | S111: =INDEX('6.0.35'!J:J,MATCH(F111,'6.0.35'!F:F,0)) -> #N/A
A112: APC Smart-UPS: UPS is Hardware Failure Bypass | I112: =IFERROR(IF(OR(MID(G112,FIND(":",G112)-1,1)="""",MID(G112,FIND(":",G112)-1,1)="}",MID(G112,FIND(":",G112)-1,1)=")",MID(G112,FIND(":",G112)-1,1)="]"),"",RIGHT(G112,LEN(G112)-FIND(":",G112)-1)),"") | J112: =IF(AND(I112="",H112=""),G112,IF(H112="",I112,H112&": "&I112)) -> 0 | K112: =IFERROR(IF(OR(MID(F112,FIND(":",F112)-1,1)="""",MID(F112,FIND(":",F112)-1,1)="}",MID(F112,FIND(":",F112)-1,1)=")",MID(F112,FIND(":",F112)-1,1)="]"),"",RIGHT(F112,LEN(F112)-FIND(":",F112)-1)),"") | L112: =LEN(F112)-LEN(SUBSTITUTE(F112,":","")) -> 0 | M112: =LEN(G112)-LEN(SUBSTITUTE(G112,":","")) -> 0 | N112: =LEN(G112)-LEN(SUBSTITUTE(G112,"：","")) -> 0 | O112: =IF(M112>=2,MID(G112,FIND(":",G112)+1,LEN(G112))) -> FALSE | P112: =INDEX(G:G,MATCH(G112,G:G,0)) -> #N/A | Q112: =IF(P112<>G112,"校验","") -> #N/A | R112: =INDEX('6.0.35'!I:I,MATCH(F112,'6.0.35'!K:K,0)) -> #N/A | S112: =INDEX('6.0.35'!J:J,MATCH(F112,'6.0.35'!F:F,0)) -> #N/A
A113: APC Smart-UPS: UPS is Off | I113: =IFERROR(IF(OR(MID(G113,FIND(":",G113)-1,1)="""",MID(G113,FIND(":",G113)-1,1)="}",MID(G113,FIND(":",G113)-1,1)=")",MID(G113,FIND(":",G113)-1,1)="]"),"",RIGHT(G113,LEN(G113)-FIND(":",G113)-1)),"") | J113: =IF(AND(I113="",H113=""),G113,IF(H113="",I113,H113&": "&I113)) -> 0 | K113: =IFERROR(IF(OR(MID(F113,FIND(":",F113)-1,1)="""",MID(F113,FIND(":",F113)-1,1)="}",MID(F113,FIND(":",F113)-1,1)=")",MID(F113,FIND(":",F113)-1,1)="]"),"",RIGHT(F113,LEN(F113)-FIND(":",F113)-1)),"") | L113: =LEN(F113)-LEN(SUBSTITUTE(F113,":","")) -> 0 | M113: =LEN(G113)-LEN(SUBSTITUTE(G113,":","")) -> 0 | N113: =LEN(G113)-LEN(SUBSTITUTE(G113,"：","")) -> 0 | O113: =IF(M113>=2,MID(G113,FIND(":",G113)+1,LEN(G113))) -> FALSE | P113: =INDEX(G:G,MATCH(G113,G:G,0)) -> #N/A | Q113: =IF(P113<>G113,"校验","") -> #N/A | R113: =INDEX('6.0.35'!I:I,MATCH(F113,'6.0.35'!K:K,0)) -> #N/A | S113: =INDEX('6.0.35'!J:J,MATCH(F113,'6.0.35'!F:F,0)) -> #N/A
A114: APC Smart-UPS: UPS is on battery | I114: =IFERROR(IF(OR(MID(G114,FIND(":",G114)-1,1)="""",MID(G114,FIND(":",G114)-1,1)="}",MID(G114,FIND(":",G114)-1,1)=")",MID(G114,FIND(":",G114)-1,1)="]"),"",RIGHT(G114,LEN(G114)-FIND(":",G114)-1)),"") | J114: =IF(AND(I114="",H114=""),G114,IF(H114="",I114,H114&": "&I114)) -> 0 | K114: =IFERROR(IF(OR(MID(F114,FIND(":",F114)-1,1)="""",MID(F114,FIND(":",F114)-1,1)="}",MID(F114,FIND(":",F114)-1,1)=")",MID(F114,FIND(":",F114)-1,1)="]"),"",RIGHT(F114,LEN(F114)-FIND(":",F114)-1)),"") | L114: =LEN(F114)-LEN(SUBSTITUTE(F114,":","")) -> 0 | M114: =LEN(G114)-LEN(SUBSTITUTE(G114,":","")) -> 0 | N114: =LEN(G114)-LEN(SUBSTITUTE(G114,"：","")) -> 0 | O114: =IF(M114>=2,MID(G114,FIND(":",G114)+1,LEN(G114))) -> FALSE | P114: =INDEX(G:G,MATCH(G114,G:G,0)) -> #N/A | Q114: =IF(P114<>G114,"校验","") -> #N/A | R114: =INDEX('6.0.35'!I:I,MATCH(F114,'6.0.35'!K:K,0)) -> #N/A | S114: =INDEX('6.0.35'!J:J,MATCH(F114,'6.0.35'!F:F,0)) -> #N/A
A115: APC Smart-UPS: UPS is on Smart Boost | I115: =IFERROR(IF(OR(MID(G115,FIND(":",G115)-1,1)="""",MID(G115,FIND(":",G115)-1,1)="}",MID(G115,FIND(":",G115)-1,1)=")",MID(G115,FIND(":",G115)-1,1)="]"),"",RIGHT(G115,LEN(G115)-FIND(":",G115)-1)),"") | J115: =IF(AND(I115="",H115=""),G115,IF(H115="",I115,H115&": "&I115)) -> 0 | K115: =IFERROR(IF(OR(MID(F115,FIND(":",F115)-1,1)="""",MID(F115,FIND(":",F115)-1,1)="}",MID(F115,FIND(":",F115)-1,1)=")",MID(F115,FIND(":",F115)-1,1)="]"),"",RIGHT(F115,LEN(F115)-FIND(":",F115)-1)),"") | L115: =LEN(F115)-LEN(SUBSTITUTE(F115,":","")) -> 0 | M115: =LEN(G115)-LEN(SUBSTITUTE(G115,":","")) -> 0 | N115: =LEN(G115)-LEN(SUBSTITUTE(G115,"：","")) -> 0 | O115: =IF(M115>=2,MID(G115,FIND(":",G115)+1,LEN(G115))) -> FALSE | P115: =INDEX(G:G,MATCH(G115,G:G,0)) -> #N/A | Q115: =IF(P115<>G115,"校验","") -> #N/A | R115: =INDEX('6.0.35'!I:I,MATCH(F115,'6.0.35'!K:K,0)) -> #N/A | S115: =INDEX('6.0.35'!J:J,MATCH(F115,'6.0.35'!F:F,0)) -> #N/A
A116: APC Smart-UPS: UPS is On Smart Trim | I116: =IFERROR(IF(OR(MID(G116,FIND(":",G116)-1,1)="""",MID(G116,FIND(":",G116)-1,1)="}",MID(G116,FIND(":",G116)-1,1)=")",MID(G116,FIND(":",G116)-1,1)="]"),"",RIGHT(G116,LEN(G116)-FIND(":",G116)-1)),"") | J116: =IF(AND(I116="",H116=""),G116,IF(H116="",I116,H116&": "&I116)) -> 0 | K116: =IFERROR(IF(OR(MID(F116,FIND(":",F116)-1,1)="""",MID(F116,FIND(":",F116)-1,1)="}",MID(F116,FIND(":",F116)-1,1)=")",MID(F116,FIND(":",F116)-1,1)="]"),"",RIGHT(F116,LEN(F116)-FIND(":",F116)-1)),"") | L116: =LEN(F116)-LEN(SUBSTITUTE(F116,":","")) -> 0 | M116: =LEN(G116)-LEN(SUBSTITUTE(G116,":","")) -> 0 | N116: =LEN(G116)-LEN(SUBSTITUTE(G116,"：","")) -> 0 | O116: =IF(M116>=2,MID(G116,FIND(":",G116)+1,LEN(G116))) -> FALSE | P116: =INDEX(G:G,MATCH(G116,G:G,0)) -> #N/A | Q116: =IF(P116<>G116,"校验","") -> #N/A | R116: =INDEX('6.0.35'!I:I,MATCH(F116,'6.0.35'!K:K,0)) -> #N/A | S116: =INDEX('6.0.35'!J:J,MATCH(F116,'6.0.35'!F:F,0)) -> #N/A
A117: APC Smart-UPS: UPS is Rebooting | I117: =IFERROR(IF(OR(MID(G117,FIND(":",G117)-1,1)="""",MID(G117,FIND(":",G117)-1,1)="}",MID(G117,FIND(":",G117)-1,1)=")",MID(G117,FIND(":",G117)-1,1)="]"),"",RIGHT(G117,LEN(G117)-FIND(":",G117)-1)),"") | J117: =IF(AND(I117="",H117=""),G117,IF(H117="",I117,H117&": "&I117)) -> 0 | K117: =IFERROR(IF(OR(MID(F117,FIND(":",F117)-1,1)="""",MID(F117,FIND(":",F117)-1,1)="}",MID(F117,FIND(":",F117)-1,1)=")",MID(F117,FIND(":",F117)-1,1)="]"),"",RIGHT(F117,LEN(F117)-FIND(":",F117)-1)),"") | L117: =LEN(F117)-LEN(SUBSTITUTE(F117,":","")) -> 0 | M117: =LEN(G117)-LEN(SUBSTITUTE(G117,":","")) -> 0 | N117: =LEN(G117)-LEN(SUBSTITUTE(G117,"：","")) -> 0 | O117: =IF(M117>=2,MID(G117,FIND(":",G117)+1,LEN(G117))) -> FALSE | P117: =INDEX(G:G,MATCH(G117,G:G,0)) -> #N/A | Q117: =IF(P117<>G117,"校验","") -> #N/A | R117: =INDEX('6.0.35'!I:I,MATCH(F117,'6.0.35'!K:K,0)) -> #N/A | S117: =INDEX('6.0.35'!J:J,MATCH(F117,'6.0.35'!F:F,0)) -> #N/A
A118: APC Smart-UPS: UPS is Sleeping Until Power Return | I118: =IFERROR(IF(OR(MID(G118,FIND(":",G118)-1,1)="""",MID(G118,FIND(":",G118)-1,1)="}",MID(G118,FIND(":",G118)-1,1)=")",MID(G118,FIND(":",G118)-1,1)="]"),"",RIGHT(G118,LEN(G118)-FIND(":",G118)-1)),"") | J118: =IF(AND(I118="",H118=""),G118,IF(H118="",I118,H118&": "&I118)) -> 0 | K118: =IFERROR(IF(OR(MID(F118,FIND(":",F118)-1,1)="""",MID(F118,FIND(":",F118)-1,1)="}",MID(F118,FIND(":",F118)-1,1)=")",MID(F118,FIND(":",F118)-1,1)="]"),"",RIGHT(F118,LEN(F118)-FIND(":",F118)-1)),"") | L118: =LEN(F118)-LEN(SUBSTITUTE(F118,":","")) -> 0 | M118: =LEN(G118)-LEN(SUBSTITUTE(G118,":","")) -> 0 | N118: =LEN(G118)-LEN(SUBSTITUTE(G118,"：","")) -> 0 | O118: =IF(M118>=2,MID(G118,FIND(":",G118)+1,LEN(G118))) -> FALSE | P118: =INDEX(G:G,MATCH(G118,G:G,0)) -> #N/A | Q118: =IF(P118<>G118,"校验","") -> #N/A | R118: =INDEX('6.0.35'!I:I,MATCH(F118,'6.0.35'!K:K,0)) -> #N/A | S118: =INDEX('6.0.35'!J:J,MATCH(F118,'6.0.35'!F:F,0)) -> #N/A
A119: APC Smart-UPS: UPS is Software Bypass | I119: =IFERROR(IF(OR(MID(G119,FIND(":",G119)-1,1)="""",MID(G119,FIND(":",G119)-1,1)="}",MID(G119,FIND(":",G119)-1,1)=")",MID(G119,FIND(":",G119)-1,1)="]"),"",RIGHT(G119,LEN(G119)-FIND(":",G119)-1)),"") | J119: =IF(AND(I119="",H119=""),G119,IF(H119="",I119,H119&": "&I119)) -> 0 | K119: =IFERROR(IF(OR(MID(F119,FIND(":",F119)-1,1)="""",MID(F119,FIND(":",F119)-1,1)="}",MID(F119,FIND(":",F119)-1,1)=")",MID(F119,FIND(":",F119)-1,1)="]"),"",RIGHT(F119,LEN(F119)-FIND(":",F119)-1)),"") | L119: =LEN(F119)-LEN(SUBSTITUTE(F119,":","")) -> 0 | M119: =LEN(G119)-LEN(SUBSTITUTE(G119,":","")) -> 0 | N119: =LEN(G119)-LEN(SUBSTITUTE(G119,"：","")) -> 0 | O119: =IF(M119>=2,MID(G119,FIND(":",G119)+1,LEN(G119))) -> FALSE | P119: =INDEX(G:G,MATCH(G119,G:G,0)) -> #N/A | Q119: =IF(P119<>G119,"校验","") -> #N/A | R119: =INDEX('6.0.35'!I:I,MATCH(F119,'6.0.35'!K:K,0)) -> #N/A | S119: =INDEX('6.0.35'!J:J,MATCH(F119,'6.0.35'!F:F,0)) -> #N/A
A120: APC Smart-UPS: UPS is Switched Bypass | I120: =IFERROR(IF(OR(MID(G120,FIND(":",G120)-1,1)="""",MID(G120,FIND(":",G120)-1,1)="}",MID(G120,FIND(":",G120)-1,1)=")",MID(G120,FIND(":",G120)-1,1)="]"),"",RIGHT(G120,LEN(G120)-FIND(":",G120)-1)),"") | J120: =IF(AND(I120="",H120=""),G120,IF(H120="",I120,H120&": "&I120)) -> 0 | K120: =IFERROR(IF(OR(MID(F120,FIND(":",F120)-1,1)="""",MID(F120,FIND(":",F120)-1,1)="}",MID(F120,FIND(":",F120)-1,1)=")",MID(F120,FIND(":",F120)-1,1)="]"),"",RIGHT(F120,LEN(F120)-FIND(":",F120)-1)),"") | L120: =LEN(F120)-LEN(SUBSTITUTE(F120,":","")) -> 0 | M120: =LEN(G120)-LEN(SUBSTITUTE(G120,":","")) -> 0 | N120: =LEN(G120)-LEN(SUBSTITUTE(G120,"：","")) -> 0 | O120: =IF(M120>=2,MID(G120,FIND(":",G120)+1,LEN(G120))) -> FALSE | P120: =INDEX(G:G,MATCH(G120,G:G,0)) -> #N/A | Q120: =IF(P120<>G120,"校验","") -> #N/A | R120: =INDEX('6.0.35'!I:I,MATCH(F120,'6.0.35'!K:K,0)) -> #N/A | S120: =INDEX('6.0.35'!J:J,MATCH(F120,'6.0.35'!F:F,0)) -> #N/A
A121: APC Smart-UPS: UPS is Timed Sleeping | I121: =IFERROR(IF(OR(MID(G121,FIND(":",G121)-1,1)="""",MID(G121,FIND(":",G121)-1,1)="}",MID(G121,FIND(":",G121)-1,1)=")",MID(G121,FIND(":",G121)-1,1)="]"),"",RIGHT(G121,LEN(G121)-FIND(":",G121)-1)),"") | J121: =IF(AND(I121="",H121=""),G121,IF(H121="",I121,H121&": "&I121)) -> 0 | K121: =IFERROR(IF(OR(MID(F121,FIND(":",F121)-1,1)="""",MID(F121,FIND(":",F121)-1,1)="}",MID(F121,FIND(":",F121)-1,1)=")",MID(F121,FIND(":",F121)-1,1)="]"),"",RIGHT(F121,LEN(F121)-FIND(":",F121)-1)),"") | L121: =LEN(F121)-LEN(SUBSTITUTE(F121,":","")) -> 0 | M121: =LEN(G121)-LEN(SUBSTITUTE(G121,":","")) -> 0 | N121: =LEN(G121)-LEN(SUBSTITUTE(G121,"：","")) -> 0 | O121: =IF(M121>=2,MID(G121,FIND(":",G121)+1,LEN(G121))) -> FALSE | P121: =INDEX(G:G,MATCH(G121,G:G,0)) -> #N/A | Q121: =IF(P121<>G121,"校验","") -> #N/A | R121: =INDEX('6.0.35'!I:I,MATCH(F121,'6.0.35'!K:K,0)) -> #N/A | S121: =INDEX('6.0.35'!J:J,MATCH(F121,'6.0.35'!F:F,0)) -> #N/A
A122: APC Smart-UPS: Host has been restarted | I122: =IFERROR(IF(OR(MID(G122,FIND(":",G122)-1,1)="""",MID(G122,FIND(":",G122)-1,1)="}",MID(G122,FIND(":",G122)-1,1)=")",MID(G122,FIND(":",G122)-1,1)="]"),"",RIGHT(G122,LEN(G122)-FIND(":",G122)-1)),"") | J122: =IF(AND(I122="",H122=""),G122,IF(H122="",I122,H122&": "&I122)) -> 0 | K122: =IFERROR(IF(OR(MID(F122,FIND(":",F122)-1,1)="""",MID(F122,FIND(":",F122)-1,1)="}",MID(F122,FIND(":",F122)-1,1)=")",MID(F122,FIND(":",F122)-1,1)="]"),"",RIGHT(F122,LEN(F122)-FIND(":",F122)-1)),"") | L122: =LEN(F122)-LEN(SUBSTITUTE(F122,":","")) -> 0 | M122: =LEN(G122)-LEN(SUBSTITUTE(G122,":","")) -> 0 | N122: =LEN(G122)-LEN(SUBSTITUTE(G122,"：","")) -> 0 | O122: =IF(M122>=2,MID(G122,FIND(":",G122)+1,LEN(G122))) -> FALSE | P122: =INDEX(G:G,MATCH(G122,G:G,0)) -> #N/A | Q122: =IF(P122<>G122,"校验","") -> #N/A | R122: =INDEX('6.0.35'!I:I,MATCH(F122,'6.0.35'!K:K,0)) -> #N/A | S122: =INDEX('6.0.35'!J:J,MATCH(F122,'6.0.35'!F:F,0)) -> #N/A
... A1115: Zabbix server: Utilization of snmp poller processes is high | I1115: =IFERROR(IF(OR(MID(G1115,FIND(":",G1115)-1,1)="""",MID(G1115,FIND(":",G1115)-1,1)="}",MID(G1115,FIND(":",G1115)-1,1)=")",MID(G1115,FIND(":",G1115)-1,1)="]"),"",RIGHT(G1115,LEN(G1115)-FIND(":",G1115)-1)),"") | J1115: =IF(AND(I1115="",H1115=""),G1115,IF(H1115="",I1115,H1115&": "&I1115)) -> 0 | K1115: =IFERROR(IF(OR(MID(F1115,FIND(":",F1115)-1,1)="""",MID(F1115,FIND(":",F1115)-1,1)="}",MID(F1115,FIND(":",F1115)-1,1)=")",MID(F1115,FIND(":",F1115)-1,1)="]"),"",RIGHT(F1115,LEN(F1115)-FIND(":",F1115)-1)),"") | L1115: =LEN(F1115)-LEN(SUBSTITUTE(F1115,":","")) -> 0 | M1115: =LEN(G1115)-LEN(SUBSTITUTE(G1115,":","")) -> 0 | N1115: =LEN(G1115)-LEN(SUBSTITUTE(G1115,"：","")) -> 0 | O1115: =IF(M1115>=2,MID(G1115,FIND(":",G1115)+1,LEN(G1115))) -> FALSE | P1115: =INDEX(G:G,MATCH(G1115,G:G,0)) -> #N/A | Q1115: =IF(P1115<>G1115,"校验","") -> #N/A | R1115: =INDEX('6.0.35'!I:I,MATCH(F1115,'6.0.35'!K:K,0)) -> #N/A | S1115: =INDEX('6.0.35'!J:J,MATCH(F1115,'6.0.35'!F:F,0)) -> #N/A
J1116: =IF(AND(I1116="",H1116=""),G1116,IF(H1116="",I1116,H1116&": "&I1116)) -> 0 | K1116: =IFERROR(IF(OR(MID(F1116,FIND(":",F1116)-1,1)="""",MID(F1116,FIND(":",F1116)-1,1)="}",MID(F1116,FIND(":",F1116)-1,1)=")",MID(F1116,FIND(":",F1116)-1,1)="]"),"",RIGHT(F1116,LEN(F1116)-FIND(":",F1116)-1)),"") | L1116: =LEN(F1116)-LEN(SUBSTITUTE(F1116,":","")) -> 0 | M1116: =LEN(G1116)-LEN(SUBSTITUTE(G1116,":","")) -> 0 | N1116: =LEN(G1116)-LEN(SUBSTITUTE(G1116,"：","")) -> 0 | O1116: =IF(M1116>=2,MID(G1116,FIND(":",G1116)+1,LEN(G1116))) -> FALSE | P1116: =INDEX(G:G,MATCH(G1116,G:G,0)) -> #N/A | Q1116: =IF(P1116<>G1116,"校验","") -> #N/A | R1116: =INDEX('6.0.35'!I:I,MATCH(F1116,'6.0.35'!K:K,0)) -> #N/A | S1116: =INDEX('6.0.35'!J:J,MATCH(F1116,'6.0.35'!F:F,0)) -> #N/A

Sheet 6.4.14
A1: 序号 | B1: 模板序号 | C1: 触发器序号 | D1: 模板名称 | E1: 触发器ID | F1: 英文名称 | G1: 中文名称 | H1: 原因
A2: 1 | B2: (310/1) | C2: (10/1) | D2: AIX by Zabbix agent | E2: 17113 | F2: AIX: Lack of available memory on server | G2: AIX: 服务器上缺少可用内存 | H2: =IFERROR(IF(OR(MID(G2,FIND(":",G2)-1,1)="""",MID(G2,FIND(":",G2)-1,1)="}",MID(G2,FIND(":",G2)-1,1)=")",MID(G2,FIND(":",G2)-1,1)="]"),"",LEFT(F2,FIND(":",F2)-1)),"") -> AIX | I2: =IFERROR(IF(OR(MID(G2,FIND(":",G2)-1,1)="""",MID(G2,FIND(":",G2)-1,1)="}",MID(G2,FIND(":",G2)-1,1)=")",MID(G2,FIND(":",G2)-1,1)="]"),"",RIGHT(G2,LEN(G2)-FIND(":",G2)-1)),"") -> 服务器上缺少可用内存 | J2: =IF(AND(I2="",H2=""),G2,H2&": "&I2) -> AIX: 服务器上缺少可用内存 | K2: =IFERROR(IF(OR(MID(F2,FIND(":",F2)-1,1)="""",MID(F2,FIND(":",F2)-1,1)="}",MID(F2,FIND(":",F2)-1,1)=")",MID(F2,FIND(":",F2)-1,1)="]"),"",RIGHT(F2,LEN(F2)-FIND(":",F2)-1)),"") -> Lack of available memory on server
A3: 2 | B3: (310/1) | C3: (10/2) | D3: AIX by Zabbix agent | E3: 13372 | F3: AIX: /etc/passwd has been changed | G3: AIX: /etc/passwd已变更 | H3: =IFERROR(IF(OR(MID(G3,FIND(":",G3)-1,1)="""",MID(G3,FIND(":",G3)-1,1)="}",MID(G3,FIND(":",G3)-1,1)=")",MID(G3,FIND(":",G3)-1,1)="]"),"",LEFT(F3,FIND(":",F3)-1)),"") -> AIX
A4: 3 | B4: (310/1) | C4: (10/3) | D4: AIX by Zabbix agent | E4: 13367 | F4: AIX: Disk I/O is overloaded | G4: AIX: 磁盘I/O过载 | H4: =IFERROR(IF(OR(MID(G4,FIND(":",G4)-1,1)="""",MID(G4,FIND(":",G4)-1,1)="}",MID(G4,FIND(":",G4)-1,1)=")",MID(G4,FIND(":",G4)-1,1)="]"),"",LEFT(F4,FIND(":",F4)-1)),"") -> AIX
A5: 4 | B5: (310/1) | C5: (10/4) | D5: AIX by Zabbix agent | E5: 13368 | F5: AIX: Hostname was changed | G5: AIX: 主机名已变更 | H5: =IFERROR(IF(OR(MID(G5,FIND(":",G5)-1,1)="""",MID(G5,FIND(":",G5)-1,1)="}",MID(G5,FIND(":",G5)-1,1)=")",MID(G5,FIND(":",G5)-1,1)="]"),"",LEFT(F5,FIND(":",F5)-1)),"") -> AIX
A6: 5 | B6: (310/1) | C6: (10/5) | D6: AIX by Zabbix agent | E6: 13365 | F6: AIX: Too many processes | G6: AIX: 进程太多 | H6: =IFERROR(IF(OR(MID(G6,FIND(":",G6)-1,1)="""",MID(G6,FIND(":",G6)-1,1)="}",MID(G6,FIND(":",G6)-1,1)=")",MID(G6,FIND(":",G6)-1,1)="]"),"",LEFT(F6,FIND(":",F6)-1)),"") -> AIX
A7: 6 | B7: (310/1) | C7: (10/6) | D7: AIX by Zabbix agent | E7: 13364 | F7: AIX: Too many processes running | G7: AIX: 运行的进程太多 | H7: =IFERROR(IF(OR(MID(G7,FIND(":",G7)-1,1)="""",MID(G7,FIND(":",G7)-1,1)="}",MID(G7,FIND(":",G7)-1,1)=")",MID(G7,FIND(":",G7)-1,1)="]"),"",LEFT(F7,FIND(":",F7)-1)),"") -> AIX
A8: 7 | B8: (310/1) | C8: (10/7) | D8: AIX by Zabbix agent | E8: 13366 | F8: AIX: Processor load is too high | G8: AIX: 处理器负载太高 | H8: =IFERROR(IF(OR(MID(G8,FIND(":",G8)-1,1)="""",MID(G8,FIND(":",G8)-1,1)="}",MID(G8,FIND(":",G8)-1,1)=")",MID(G8,FIND(":",G8)-1,1)="]"),"",LEFT(F8,FIND(":",F8)-1)),"") -> AIX
A9: 8 | B9: (310/1) | C9: (10/8) | D9: AIX by Zabbix agent | E9: 13370 | F9: AIX: Host information was changed | G9: AIX: 主机信息已变更 | H9: =IFERROR(IF(OR(MID(G9,FIND(":",G9)-1,1)="""",MID(G9,FIND(":",G9)-1,1)="}",MID(G9,FIND(":",G9)-1,1)=")",MID(G9,FIND(":",G9)-1,1)="]"),"",LEFT(F9,FIND(":",F9)-1)),"") -> AIX
A10: 9 | B10: (310/1) | C10: (10/9) | D10: AIX by Zabbix agent | E10: 13371 | F10: AIX: Server has just been restarted | G10: AIX: 服务器刚刚重新启动 | H10: =IFERROR(IF(OR(MID(G10,FIND(":",G10)-1,1)="""",MID(G10,FIND(":",G10)-1,1)="}",MID(G10,FIND(":",G10)-1,1)=")",MID(G10,FIND(":",G10)-1,1)="]"),"",LEFT(F10,FIND(":",F10)-1)),"") -> AIX
A11: 10 | B11: (310/1) | C11: (10/10) | D11: AIX by Zabbix agent | E11: 22365 | F11: AIX: Zabbix agent is not available | G11: AIX: Zabbix代理不可用 | H11: =IFERROR(IF(OR(MID(G11,FIND(":",G11)-1,1)="""",MID(G11,FIND(":",G11)-1,1)="}",MID(G11,FIND(":",G11)-1,1)=")",MID(G11,FIND(":",G11)-1,1)="]"),"",LEFT(F11,FIND(":",F11)-1)),"") -> AIX
A12: 11 | B12: (310/2) | C12: (22/1) | D12: APC Smart-UPS 2200 RM by SNMP | E12: 18609 | F12: APC Smart-UPS 2200 RM: Battery has low capacity | G12: APC Smart-UPS 2200 RM: 电池容量低 | H12: =IFERROR(IF(OR(MID(G12,FIND(":",G12)-1,1)="""",MID(G12,FIND(":",G12)-1,1)="}",MID(G12,FIND(":",G12)-1,1)=")",MID(G12,FIND(":",G12)-1,1)="]"),"",LEFT(F12,FIND(":",F12)-1)),"") -> APC Smart-UPS 2200 RM
A13: 12 | B13: (310/2) | C13: (22/2) | D13: APC Smart-UPS 2200 RM by SNMP | E13: 18610 | F13: APC Smart-UPS 2200 RM: Battery needs replacement | G13: APC Smart-UPS 2200 RM: 电池需要更换 | H13: =IFERROR(IF(OR(MID(G13,FIND(":",G13)-1,1)="""",MID(G13,FIND(":",G13)-1,1)="}",MID(G13,FIND(":",G13)-1,1)=")",MID(G13,FIND(":",G13)-1,1)="]"),"",LEFT(F13,FIND(":",F13)-1)),"") -> APC Smart-UPS 2200 RM
A14: 13 | B14: (310/2) | C14: (22/3) | D14: APC Smart-UPS 2200 RM by SNMP | E14: 18611 | F14: APC Smart-UPS 2200 RM: Battery has an internal error condition | G14: APC Smart-UPS 2200 RM: 电池存在内部错误状况 | H14: =IFERROR(IF(OR(MID(G14,FIND(":",G14)-1,1)="""",MID(G14,FIND(":",G14)-1,1)="}",MID(G14,FIND(":",G14)-1,1)=")",MID(G14,FIND(":",G14)-1,1)="]"),"",LEFT(F14,FIND(":",F14)-1)),"") -> APC Smart-UPS 2200 RM
... A2687: 2686 | B2687: (310/284) | C2687: (9/9) | D2687: macOS by Zabbix agent | E2687: 22454 | F2687: macOS: Zabbix agent is not available | G2687: macOS: Zabbix代理不可用 | H2687: =IFERROR(IF(OR(MID(G2687,FIND(":",G2687)-1,1)="""",MID(G2687,FIND(":",G2687)-1,1)="}",MID(G2687,FIND(":",G2687)-1,1)=")",MID(G2687,FIND(":",G2687)-1,1)="]"),"",LEFT(F2687,FIND(":",F2687)-1)),"") -> macOS
