Workbook

Sheet 5.0.42
A1: 序号 | B1: 模板序号 | C1: 图表序号 | D1: 模板名称 | E1: 图表ID | F1: 英文名称 | G1: 中文名称 | H1: 原因
A2: 1 | B2: (218/1) | C2: (5/1) | D2: 10366 | E2: 1428 | F2: RabbitMQ: Connections | G2: RabbitMQ: 连接 | H2: =IFERROR(IF(OR(MID(G2,FIND(":",G2)-1,1)="""",MID(G2,FIND(":",G2)-1,1)="}",MID(G2,FIND(":",G2)-1,1)=")",MID(G2,FIND(":",G2)-1,1)="]"),"",LEFT(F2,FIND(":",F2)-1)),"") -> RabbitMQ | I2: =IFERROR(IF(OR(MID(G2,FIND(":",G2)-1,1)="""",MID(G2,FIND(":",G2)-1,1)="}",MID(G2,FIND(":",G2)-1,1)=")",MID(G2,FIND(":",G2)-1,1)="]"),"",RIGHT(G2,LEN(G2)-FIND(":",G2)-1)),"") -> 连接 | J2: =IF(AND(I2="",H2=""),G2,H2&": "&I2) -> RabbitMQ: 连接
A3: 2 | B3: (218/1) | C3: (5/2) | D3: 10366 | E3: 1432 | F3: RabbitMQ: Messages | G3: RabbitMQ: 消息
A4: 3 | B4: (218/1) | C4: (5/3) | D4: 10366 | E4: 1433 | F4: RabbitMQ: Messages per second | G4: RabbitMQ: 每秒消息数
A5: 4 | B5: (218/1) | C5: (5/4) | D5: 10366 | E5: 1434 | F5: RabbitMQ: Messages status | G5: RabbitMQ: 消息状态
A6: 5 | B6: (218/1) | C6: (5/5) | D6: 10366 | E6: 1436 | F6: RabbitMQ: Queues | G6: RabbitMQ: 队列
A7: 6 | B7: (218/2) | C7: (5/1) | D7: 10367 | E7: 1911 | F7: RabbitMQ: Connections | G7: RabbitMQ: 连接
A8: 7 | B8: (218/2) | C8: (5/2) | D8: 10367 | E8: 1915 | F8: RabbitMQ: Messages | G8: RabbitMQ: 消息
A9: 8 | B9: (218/2) | C9: (5/3) | D9: 10367 | E9: 1916 | F9: RabbitMQ: Messages per second | G9: RabbitMQ: 每秒消息数
A10: 9 | B10: (218/2) | C10: (5/4) | D10: 10367 | E10: 1917 | F10: RabbitMQ: Messages status | G10: RabbitMQ: 消息状态
A11: 10 | B11: (218/2) | C11: (5/5) | D11: 10367 | E11: 1919 | F11: RabbitMQ: Queues | G11: RabbitMQ: 队列
A12: 11 | B12: (218/3) | C12: (6/1) | D12: 10368 | E12: 1429 | F12: RabbitMQ: Disk free | G12: RabbitMQ: 可用磁盘
A13: 12 | B13: (218/3) | C13: (6/2) | D13: 10368 | E13: 1430 | F13: RabbitMQ: File descriptors | G13: RabbitMQ: 文件描述符
A14: 13 | B14: (218/3) | C14: (6/3) | D14: 10368 | E14: 1431 | F14: RabbitMQ: Memory used | G14: RabbitMQ: 内存已使用率量
... A438: 437 | B438: (218/121) | C438: (2/2) | D438: 10314 | E438: 654 | F438: Voltage | G438: 电压

Sheet 6.0.35
A1: 序号 | B1: 模板序号 | C1: 图表序号 | D1: 模板名称 | E1: 图表ID | F1: 英文名称 | G1: 中文名称 | H1: 原因
A2: 1 | B2: (883/1) | D2: AIX by Zabbix agent | E2: 540 | F2: AIX: Memory usage | G2: AIX: 内存使用率 | H2: =IFERROR(IF(OR(MID(G2,FIND(":",G2)-1,1)="""",MID(G2,FIND(":",G2)-1,1)="}",MID(G2,FIND(":",G2)-1,1)=")",MID(G2,FIND(":",G2)-1,1)="]"),"",LEFT(F2,FIND(":",F2)-1)),"") -> AIX | I2: =IFERROR(IF(OR(MID(G2,FIND(":",G2)-1,1)="""",MID(G2,FIND(":",G2)-1,1)="}",MID(G2,FIND(":",G2)-1,1)=")",MID(G2,FIND(":",G2)-1,1)="]"),"",RIGHT(G2,LEN(G2)-FIND(":",G2)-1)),"") -> 内存使用率 | J2: =IF(AND(I2="",H2=""),G2,IF(H2="",I2,H2&": "&I2)) -> AIX: 内存使用率 | K2: =IFERROR(IF(OR(MID(F2,FIND(":",F2)-1,1)="""",MID(F2,FIND(":",F2)-1,1)="}",MID(F2,FIND(":",F2)-1,1)=")",MID(F2,FIND(":",F2)-1,1)="]"),"",RIGHT(F2,LEN(F2)-FIND(":",F2)-1)),"") -> Memory usage | L2: =LEN(F2)-LEN(SUBSTITUTE(F2,":","")) -> 1 | M2: =LEN(G2)-LEN(SUBSTITUTE(G2,":","")) -> 1 | N2: =LEN(G2)-LEN(SUBSTITUTE(G2,"：","")) -> 0 | O2: =IF(M2>=2,MID(G2,FIND(":",G2)+1,LEN(G2))) -> FALSE | P2: =INDEX(G:G,MATCH(G2,G:G,0)) -> AIX: 内存使用率 | Q2: =INDEX('6.0.35'!H:H,MATCH(E2,'6.0.35'!J:J,0)) -> #N/A | R2: =INDEX('6.0.35'!I:I,MATCH(E2,'6.0.35'!E:E,0)) -> 内存使用率
A3: 2 | B3: (883/2) | D3: AIX by Zabbix agent | E3: 471 | F3: AIX: CPU jumps | G3: AIX: CPU跳变
A4: 3 | B4: (883/3) | D4: AIX by Zabbix agent | E4: 498 | F4: AIX: CPU utilization | G4: AIX: CPU利用率
A5: 4 | B5: (883/4) | D5: AIX by Zabbix agent | E5: 469 | F5: AIX: CPU load | G5: AIX: CPU负载
A6: 5 | B6: (883/5) | D6: APC Smart-UPS 2200 RM by SNMP | E6: 1586 | F6: APC Smart-UPS 2200 RM: Capacity of the UPS batteries | G6: APC Smart-UPS 2200 RM: UPS电池的容量
A7: 6 | B7: (883/6) | D7: APC Smart-UPS 2200 RM by SNMP | E7: 1588 | F7: APC Smart-UPS 2200 RM: Voltage | G7: APC Smart-UPS 2200 RM: 电压
A8: 7 | B8: (883/7) | D8: APC Smart-UPS 2200 RM by SNMP | E8: 1587 | F8: APC Smart-UPS 2200 RM: Output | G8: APC Smart-UPS 2200 RM: 输出
A9: 8 | B9: (883/8) | D9: APC Smart-UPS 3000 XLM by SNMP | E9: 1589 | F9: APC Smart-UPS 3000 XLM: Capacity of the UPS batteries | G9: APC Smart-UPS 3000 XLM: UPS电池的容量
A10: 9 | B10: (883/9) | D10: APC Smart-UPS 3000 XLM by SNMP | E10: 1591 | F10: APC Smart-UPS 3000 XLM: Voltage | G10: APC Smart-UPS 3000 XLM: 电压
A11: 10 | B11: (883/10) | D11: APC Smart-UPS 3000 XLM by SNMP | E11: 1590 | F11: APC Smart-UPS 3000 XLM: Output | G11: APC Smart-UPS 3000 XLM: 输出
A12: 11 | B12: (883/11) | D12: APC Smart-UPS RT 1000 RM XL by SNMP | E12: 1592 | F12: APC Smart-UPS RT 1000 RM XL: Capacity of the UPS batteries | G12: APC Smart-UPS RT 1000 RM XL: UPS电池的容量
A13: 12 | B13: (883/12) | D13: APC Smart-UPS RT 1000 RM XL by SNMP | E13: 1594 | F13: APC Smart-UPS RT 1000 RM XL: Voltage | G13: APC Smart-UPS RT 1000 RM XL: 电压
A14: 13 | B14: (883/13) | D14: APC Smart-UPS RT 1000 RM XL by SNMP | E14: 1593 | F14: APC Smart-UPS RT 1000 RM XL: Output | G14: APC Smart-UPS RT 1000 RM XL: 输出
... A884: 883 | B884: (883/883) | D884: macOS by Zabbix agent | E884: 487 | F884: macOS: CPU load | G884: macOS: CPU负载

Sheet 7.0.17
A1: 序号 | B1: 模板序号 | C1: 图表序号 | D1: 模板名称 | E1: 图表ID | F1: 英文名称 | G1: 中文名称 | H1: 原因
A2: 1 | B2: (874/1) | D2: AIX by Zabbix agent | E2: 471 | F2: AIX: CPU jumps | G2: AIX: CPU跳变 | I2: =IFERROR(IF(OR(MID(G2,FIND(":",G2)-1,1)="""",MID(G2,FIND(":",G2)-1,1)="}",MID(G2,FIND(":",G2)-1,1)=")",MID(G2,FIND(":",G2)-1,1)="]"),"",RIGHT(G2,LEN(G2)-FIND(":",G2)-1)),"") -> CPU跳变 | J2: =IF(AND(I2="",H2=""),G2,IF(H2="",I2,H2&": "&I2)) -> CPU跳变 | K2: =IFERROR(IF(OR(MID(F2,FIND(":",F2)-1,1)="""",MID(F2,FIND(":",F2)-1,1)="}",MID(F2,FIND(":",F2)-1,1)=")",MID(F2,FIND(":",F2)-1,1)="]"),"",RIGHT(F2,LEN(F2)-FIND(":",F2)-1)),"") -> CPU jumps | L2: =LEN(F2)-LEN(SUBSTITUTE(F2,":","")) -> 1 | M2: =LEN(G2)-LEN(SUBSTITUTE(G2,":","")) -> 1 | N2: =LEN(G2)-LEN(SUBSTITUTE(G2,"：","")) -> 0 | O2: =IF(M2>=2,MID(G2,FIND(":",G2)+1,LEN(G2))) -> FALSE | P2: =INDEX(G:G,MATCH(G2,G:G,0)) -> AIX: CPU跳变 | Q2: =IF(P2<>G2,"校验","") | R2: =INDEX('6.0.35'!I:I,MATCH(F2,'6.0.35'!K:K,0)) -> #N/A | S2: =INDEX('6.0.35'!J:J,MATCH(F2,'6.0.35'!F:F,0)) -> 0
A3: 2 | B3: (874/2) | D3: AIX by Zabbix agent | E3: 469 | F3: AIX: CPU load | G3: AIX: CPU负载
A4: 3 | B4: (874/3) | D4: AIX by Zabbix agent | E4: 498 | F4: AIX: CPU utilization | G4: AIX: CPU利用率
A5: 4 | B5: (874/4) | D5: AIX by Zabbix agent | E5: 540 | F5: AIX: Memory usage | G5: AIX: 内存使用率
A6: 5 | B6: (874/5) | D6: APC Smart-UPS 2200 RM by SNMP | E6: 1586 | F6: APC Smart-UPS 2200 RM: Capacity of the UPS batteries | G6: APC Smart-UPS 2200 RM: UPS电池的容量
A7: 6 | B7: (874/6) | D7: APC Smart-UPS 2200 RM by SNMP | E7: 1588 | F7: APC Smart-UPS 2200 RM: Voltage | G7: APC Smart-UPS 2200 RM: 电压
A8: 7 | B8: (874/7) | D8: APC Smart-UPS 2200 RM by SNMP | E8: 1587 | F8: APC Smart-UPS 2200 RM: Output | G8: APC Smart-UPS 2200 RM: 输出
A9: 8 | B9: (874/8) | D9: APC Smart-UPS 3000 XLM by SNMP | E9: 1589 | F9: APC Smart-UPS 3000 XLM: Capacity of the UPS batteries | G9: APC Smart-UPS 3000 XLM: UPS电池的容量
A10: 9 | B10: (874/9) | D10: APC Smart-UPS 3000 XLM by SNMP | E10: 1591 | F10: APC Smart-UPS 3000 XLM: Voltage | G10: APC Smart-UPS 3000 XLM: 电压
A11: 10 | B11: (874/10) | D11: APC Smart-UPS 3000 XLM by SNMP | E11: 1590 | F11: APC Smart-UPS 3000 XLM: Output | G11: APC Smart-UPS 3000 XLM: 输出
A12: 11 | B12: (874/11) | D12: APC Smart-UPS RT 1000 RM XL by SNMP | E12: 1592 | F12: APC Smart-UPS RT 1000 RM XL: Capacity of the UPS batteries | G12: APC Smart-UPS RT 1000 RM XL: UPS电池的容量
A13: 12 | B13: (874/12) | D13: APC Smart-UPS RT 1000 RM XL by SNMP | E13: 1594 | F13: APC Smart-UPS RT 1000 RM XL: Voltage | G13: APC Smart-UPS RT 1000 RM XL: 电压
A14: 13 | B14: (874/13) | D14: APC Smart-UPS RT 1000 RM XL by SNMP | E14: 1593 | F14: APC Smart-UPS RT 1000 RM XL: Output | G14: APC Smart-UPS RT 1000 RM XL: 输出
... A875: 874 | B875: (874/874) | D875: macOS by Zabbix agent | E875: 543 | F875: macOS: Memory usage | G875: macOS: 内存使用率

Sheet 整理
A1: 英文名称 | F1: 1 | P1: 2 | Z1: 3 | AJ1: 4 | AS1: 5 | BB1: 6 | BK1: 7
A2: AIX: CPU jumps | B2: CPU负载 | C2: =IFERROR(INDEX('6.0.35'!G:G,MATCH(A2,'6.0.35'!F:F,0)),IFERROR(INDEX('5.0.42'!G:G,MATCH(A2,'5.0.42'!F:F,0)),IFERROR(INDEX('7.0.17'!G:G,MATCH(A2,'7.0.17'!F:F,0)),""))) -> AIX: CPU跳变 | D2: =IF(C2=B2,1,0) -> 0 | E2: =(LEN(A2)-LEN(SUBSTITUTE(A2,"{","")))/LEN("{") -> 0 | F2: =REPLACE(B2,H2,I2-H2+1,N2) -> #VALUE! | H2: =FIND("{",B2,1) -> #VALUE! | I2: =FIND("}",B2,H2+1) -> #VALUE! | J2: =MID(B2,H2,I2-H2+1) -> #VALUE! | L2: =FIND("{",A2,1) -> #VALUE! | M2: =FIND("}",A2,L2+1) -> #VALUE! | N2: =MID(A2,L2,M2-L2+1) -> #VALUE! | P2: =REPLACE($B2,R2,S2-R2+1,X2) -> #VALUE! | R2: =FIND("{",$B2,I2+1) -> #VALUE! | S2: =FIND("}",$B2,R2+1) -> #VALUE! | T2: =MID($B2,R2,S2-R2+1) -> #VALUE! | V2: =FIND("{",$A2,M2+1) -> #VALUE! | W2: =FIND("}",$A2,V2+1) -> #VALUE! | X2: =MID($A2,V2,W2-V2+1) -> #VALUE! | Z2: =REPLACE($B2,AB2,AC2-AB2+1,AH2) -> #VALUE! | AB2: =FIND("{",$B2,S2+1) -> #VALUE! | AC2: =FIND("}",$B2,AB2+1) -> #VALUE! | AD2: =MID($B2,AB2,AC2-AB2+1) -> #VALUE! | AF2: =FIND("{",$A2,W2+1) -> #VALUE! | AG2: =FIND("}",$A2,AF2+1) -> #VALUE! | AH2: =MID($A2,AF2,AG2-AF2+1) -> #VALUE! | AJ2: =REPLACE($B2,AL2,AM2-AL2+1,AR2) -> #VALUE! | AL2: =FIND("{",$B2,AC2+1) -> #VALUE! | AM2: =FIND("}",$B2,AL2+1) -> #VALUE! | AN2: =MID($B2,AL2,AM2-AL2+1) -> #VALUE! | AP2: =FIND("{",$A2,AG2+1) -> #VALUE! | AQ2: =FIND("}",$A2,AP2+1) -> #VALUE! | AR2: =MID($A2,AP2,AQ2-AP2+1) -> #VALUE! | AS2: =REPLACE($B2,AU2,AV2-AU2+1,BA2) -> #VALUE! | AU2: =FIND("{",$B2,AM2+1) -> #VALUE! | AV2: =FIND("}",$B2,AU2+1) -> #VALUE! | AW2: =MID($B2,AU2,AV2-AU2+1) -> #VALUE! | AY2: =FIND("{",$A2,AQ2+1) -> #VALUE! | AZ2: =FIND("}",$A2,AY2+1) -> #VALUE! | BA2: =MID($A2,AY2,AZ2-AY2+1) -> #VALUE! | BB2: =REPLACE($B2,BD2,BE2-BD2+1,BJ2) -> #VALUE! | BD2: =FIND("{",$B2,AV2+1) -> #VALUE! | BE2: =FIND("}",$B2,BD2+1) -> #VALUE! | BF2: =MID($B2,BD2,BE2-BD2+1) -> #VALUE! | BH2: =FIND("{",$A2,AZ2+1) -> #VALUE! | BI2: =FIND("}",$A2,BH2+1) -> #VALUE! | BJ2: =MID($A2,BH2,BI2-BH2+1) -> #VALUE! | BK2: =REPLACE($B2,BM2,BN2-BM2+1,BS2) -> #VALUE! | BM2: =FIND("{",$B2,BE2+1) -> #VALUE! | BN2: =FIND("}",$B2,BM2+1) -> #VALUE! | BO2: =MID($B2,BM2,BN2-BM2+1) -> #VALUE! | BQ2: =FIND("{",$A2,BI2+1) -> #VALUE! | BR2: =FIND("}",$A2,BQ2+1) -> #VALUE! | BS2: =MID($A2,BQ2,BR2-BQ2+1) -> #VALUE!

Sheet 000
A1: Capacity
A2: Content Cache: Hit rate, % | B2: IO 字节读取/写入
A3: Content Cache: Memory, bytes | B3: 虚拟核心数
A4: Content Cache: SSD usage, bytes | B4: 平均 CPU 百分比
A5: IO overview | B5: IO 请求计数
A6: General: IO, bandwidth | B6: 已用存储空间
A7: General: IO, latency | B7: 存储空间利用率
A8: General: IOPS | B8: Dell R660：CPU 利用率
A9: IOPS overview | B9: Dell R660：IO 利用率
A10: Hypervisor: CPU usage, % | B10: Dell R660：内存利用率
A11: Hypervisor: IO, bandwidth | B11: Dell R660：系统利用率
A12: Hypervisor: IO, latency | B12: Dell R660：运行时间
A13: Hypervisor: Memory usage, % | B13: Dell R720：CPU 利用率
... A37: Storage Tier: SSD | B37: Dell R840：运行时间
B38: Dell iDRAC：运行时间

Sheet 6.4.14
A1: 序号 | B1: 模板序号 | C1: 图表序号 | D1: 模板名称 | E1: 图表ID | F1: 英文名称 | G1: 中文名称 | H1: 原因
A2: 1 | B2: (310/1) | C2: (4/1) | D2: AIX by Zabbix agent | E2: 540 | F2: AIX: Memory usage | G2: AIX: 内存使用率 | H2: =IFERROR(IF(OR(MID(G2,FIND(":",G2)-1,1)="""",MID(G2,FIND(":",G2)-1,1)="}",MID(G2,FIND(":",G2)-1,1)=")",MID(G2,FIND(":",G2)-1,1)="]"),"",LEFT(F2,FIND(":",F2)-1)),"") -> AIX | I2: =IFERROR(IF(OR(MID(G2,FIND(":",G2)-1,1)="""",MID(G2,FIND(":",G2)-1,1)="}",MID(G2,FIND(":",G2)-1,1)=")",MID(G2,FIND(":",G2)-1,1)="]"),"",RIGHT(G2,LEN(G2)-FIND(":",G2)-1)),"") -> 内存使用率 | J2: =IF(AND(I2="",H2=""),G2,H2&": "&I2) -> AIX: 内存使用率 | K2: =IFERROR(IF(OR(MID(F2,FIND(":",F2)-1,1)="""",MID(F2,FIND(":",F2)-1,1)="}",MID(F2,FIND(":",F2)-1,1)=")",MID(F2,FIND(":",F2)-1,1)="]"),"",RIGHT(F2,LEN(F2)-FIND(":",F2)-1)),"") -> Memory usage
A3: 2 | B3: (310/1) | C3: (4/2) | D3: AIX by Zabbix agent | E3: 471 | F3: AIX: CPU jumps | G3: AIX: CPU跳变
A4: 3 | B4: (310/1) | C4: (4/3) | D4: AIX by Zabbix agent | E4: 498 | F4: AIX: CPU utilization | G4: AIX: CPU利用率
A5: 4 | B5: (310/1) | C5: (4/4) | D5: AIX by Zabbix agent | E5: 469 | F5: AIX: CPU load | G5: AIX: CPU负载
A6: 5 | B6: (310/2) | C6: (3/1) | D6: APC Smart-UPS 2200 RM by SNMP | E6: 1586 | F6: APC Smart-UPS 2200 RM: Capacity of the UPS batteries | G6: APC Smart-UPS 2200 RM: UPS电池的容量
A7: 6 | B7: (310/2) | C7: (3/2) | D7: APC Smart-UPS 2200 RM by SNMP | E7: 1588 | F7: APC Smart-UPS 2200 RM: Voltage | G7: APC Smart-UPS 2200 RM: 电压
A8: 7 | B8: (310/2) | C8: (3/3) | D8: APC Smart-UPS 2200 RM by SNMP | E8: 1587 | F8: APC Smart-UPS 2200 RM: Output | G8: APC Smart-UPS 2200 RM: 输出
A9: 8 | B9: (310/3) | C9: (3/1) | D9: APC Smart-UPS 3000 XLM by SNMP | E9: 1589 | F9: APC Smart-UPS 3000 XLM: Capacity of the UPS batteries | G9: APC Smart-UPS 3000 XLM: UPS电池的容量
A10: 9 | B10: (310/3) | C10: (3/2) | D10: APC Smart-UPS 3000 XLM by SNMP | E10: 1591 | F10: APC Smart-UPS 3000 XLM: Voltage | G10: APC Smart-UPS 3000 XLM: 电压
A11: 10 | B11: (310/3) | C11: (3/3) | D11: APC Smart-UPS 3000 XLM by SNMP | E11: 1590 | F11: APC Smart-UPS 3000 XLM: Output | G11: APC Smart-UPS 3000 XLM: 输出
A12: 11 | B12: (310/4) | C12: (3/1) | D12: APC Smart-UPS RT 1000 RM XL by SNMP | E12: 1592 | F12: APC Smart-UPS RT 1000 RM XL: Capacity of the UPS batteries | G12: APC Smart-UPS RT 1000 RM XL: UPS电池的容量
A13: 12 | B13: (310/4) | C13: (3/2) | D13: APC Smart-UPS RT 1000 RM XL by SNMP | E13: 1594 | F13: APC Smart-UPS RT 1000 RM XL: Voltage | G13: APC Smart-UPS RT 1000 RM XL: 电压
A14: 13 | B14: (310/4) | C14: (3/3) | D14: APC Smart-UPS RT 1000 RM XL by SNMP | E14: 1593 | F14: APC Smart-UPS RT 1000 RM XL: Output | G14: APC Smart-UPS RT 1000 RM XL: 输出
... A722: 721 | B722: (310/213) | C722: (3/3) | D722: macOS by Zabbix agent | E722: 487 | F722: macOS: CPU load | G722: macOS: CPU负载
